Zuleno,
Zuleica,
Zulamar,
Zilmar,
Zildo,
Zildine,
Zilda,
Zezito,
Zenilto,
Zenilde,
Zenglein,
Zenaide,
Zelia,
Zdravko,
Zacarias,
Yvonne,
Yvo,
Yves,
Yutaka,
Yurie,
Yuri,
Yumi,
Yulle,
Yuko,
Yukiko,
Yu,
Yosxio,
Yoshihiko,
Yonne,
Yong,
Yolimar,
Yolando,
Yohei,
Yngledhan,
Yip,
Yim,
Yeh,
Yassuyoshi,
Yann,
Yanina,
Yang,
Yan,
Wuneni,
Wong,
Wladimir,
Wlademar,
Witney,
Wilton,
Wilson,
Wilma,
Willians,
Willian,
William,
Will,
Wilian,
Wiliam,
Wilber,
Westhonklauss,
Wesley,
Weseley,
Werner,
Wendell,
Wendel,
Wen,
Welton,
Welson,
Wellygton,
Wellington,
Wellcleaf,
Weliton,
Welington,
Welber,
Weider,
Wedson,
Wedley,
Weber,
Washington,
Wany,
Wanturi,
Wantuil,
Wandyck,
Wandir,
Wanderson,
Wanderli,
Wanderley,
Wanderlei,
Wander,
Wan,
Walther,
Walterio,
Walterberg,
Walter,
Walquiria,
Walpheu,
Walney,
Walmir,
Wallace,
Walkiria,
Walker,
Walid,
Waldomiro,
Waldir,
Waldete,
Waldenor,
Waldenia,
Waldemir,
Waldemar,
Waldeli,
Waldecir,
Walcar,
Wagton,
Wagner,
Wadi,
Vuban,
Vosclei,
Volney,
Volcei,
Vladimir,
Vladia,
Vlademir,
Viviani,
Viviane,
Viviana,
Vivian,
Vivaldo,
Viturino,
Vittorio,
Vitorio,
Vitorino,
Vitor,
Vital,
Virginia,
Vinicius,
Vinicio,
Vilton,
Vilson,
Vilmar,
Vilma,
Villy,
Victor,
Vicente,
Veruska,
Veronildo,
Veronica,
Vera,
Ventura,
Venscerlau,
Venina,
Veimar,
Veber,
Vasco,
Vanoil,
Vanise,
Vanildo,
Vanilda,
Vania,
Vanessa,
Vanduir,
Vando,
Vanderval,
Vanderson,
Vanderly,
Vanderlin,
Vanderli,
Vanderley,
Vanderlene,
Vanderlei,
Vander,
Vanda,
Vamberto,
Valter,
Valtecio,
Valquiria,
Valnir,
Valmor,
Valmira,
Valmir,
Valerio,
Valeria,
Valentim,
Valdomiro,
Valdomero,
Valdo,
Valdivino,
Valdivini,
Valdivina,
Valdirene,
Valdira,
Valdir,
Valdineia,
Valdinei,
Valdimiro,
Valdimar,
Valdico,
Valdez,
Valdevino,
Valdete,
Valderi,
Valdenir,
Valdemiro,
Valdemir,
Valdemilson,
Valdemi,
Valdemar,
Valdelino,
Valdelicio,
Valdek,
Valdeir,
Valdecir,
Valdeci,
Valdecarlos,
Valdair,
Valcir,
Vagner,
Uriwagner,
Urika,
Urbano,
Uranio,
Urandy,
Umberto,
Ulisses,
Uldis,
Uira,
Uilton,
Udembergue,
Ubiratan,
Ubirata,
Ubirassim,
Ubaldo,
Tupinambas,
Tulio,
Tu,
Tsutomu,
Toyoko,
Toshiyuki,
Toshiro,
Toshio,
Toshimassa,
Toshihiro,
Torao,
Tomislav,
Tomio,
Tomiko,
Tomico,
Tomaz,
Tomas,
Tochie,
Tobias,
Tjioe,
Tito,
Tirson,
Timothy,
Tibor,
Tiberio,
Tiago,
Thomaz,
Thomas,
Thiers,
Thierry,
Thiago,
Thereza,
Theodoro,
Theo,
Thelma,
Thami,
Thalita,
Thaiza,
Thaisa,
Thais,
Thaine,
Tetsugi,
Tetsu,
Tesfaye,
Teruo,
Tersildo,
Terezinha,
Tereza,
Teresa,
Teotonio,
Teomar,
Teofilo,
Teodoro,
Tennison,
Teng,
Temistocles,
Telmo,
Telma,
Teadeu,
Tatiani,
Tatiana,
Tarsila,
Tarly,
Tarciso,
Tarcisio,
Taqueo,
Tanos,
Tania,
Talmo,
Tales,
Takeshi,
Takemichi,
Takashi,
Takao,
Taiane,
Tadeu,
Tadashi,
Tacio,
Tabajara,
Sylvio,
Sylvia,
Sylverio,
Suzana,
Suzan,
Susana,
Sumiko,
Sulamita,
Sueli,
Su,
Stephen,
Stenio,
Stefan,
Stanislav,
Stamatia,
Souza,
Sotero,
Soraya,
Soraia,
Sonia,
Song,
Somulo,
Solange,
Sokuchin,
Sofia,
Sixto,
Sivonaldo,
Sivirino,
Sivaldo,
Sirlene,
Sirlei,
Sirlecio,
Siniti,
Sinezio,
Simone,
Simon,
Simeao,
Simao,
Silvio,
Silvino,
Silvia,
Silvestre,
Silverio,
Silvano,
Silvania,
Silvana,
Silval,
Silmara,
Silene,
Sildeni,
Silas,
Sidni,
Sidney,
Sidnei,
Sidineia,
Siderley,
Siderlei,
Sidclei,
Sidalia,
Sibelle,
Shosiro,
Shokem,
Shoji,
Shirley,
Shirleide,
Shinso,
Shinpei,
Shinji,
Shingi,
Shigueyuki,
Shigueo,
Sherida,
Sheila,
Severino,
Severina,
Seung,
Servio,
Serjo,
Sergyo,
Sergio,
Senichiro,
Selmo,
Selma,
Sebastiao,
Sebastiana,
Schosiro,
Scheila,
Savio,
Saulo,
Saul,
Satoshi,
Sara,
Sany,
Santo,
Santino,
Santiago,
Sanger,
Sandro,
Sandra,
Sandoval,
Sander,
Samy,
Samuel,
Sammy,
Samira,
Samir,
Samio,
Same,
Salvio,
Salvador,
Salomao,
Salmo,
Salin,
Salete,
Saikinia,
Sady,
Sadako,
Sabrina,
Sabino,
Ryoko,
Ryoji,
Rynaldo,
Rya,
Ruy,
Ruth,
Rute,
Ruis,
Rui,
Ruggero,
Ruediger,
Rudyard,
Rudival,
Rudinei,
Rudeley,
Rucy,
Rubi,
Ruberval,
Rubens,
Rubem,
Rozirene,
Rozania,
Rovilson,
Roverlei,
Rosimeire,
Rosimari,
Rosilene,
Rosildo,
Rosiene,
Rosemeire,
Rosemary,
Rosely,
Roselly,
Roselia,
Roseli,
Rose,
Rosaria,
Rosangela,
Rosane,
Rosana,
Rosalvo,
Rosalino,
Rosaldo,
Rosa,
Roque,
Rony,
Ronny,
Ronnie,
Ronney,
Ronivom,
Ronivaldo,
Ronilton,
Ronilson,
Ronildo,
Ronie,
Rongerio,
Roney,
Rondinele,
Ronan,
Ronaldo,
Ronald,
Romulo,
Romualdo,
Romoaldo,
Romir,
Romina,
Romildo,
Romilda,
Romeu,
Romao,
Romano,
Rolland,
Rolando,
Roknei,
Roges,
Rogerio,
Roger,
Rogenio,
Rogaciano,
Roel,
Rodrigo,
Rodolpho,
Rodolfo,
Rodnilson,
Rodney,
Rodnei,
Rodinei,
Rocio,
Robson,
Robison,
Robisnei,
Robis,
Robinson,
Robervaldo,
Roberval,
Robertson,
Roberto,
Roberta,
Robert,
Roberson,
Roberio,
Rizia,
Riyusei,
Rivanildo,
Rivaldo,
Rita,
Rintaro,
Rinaldo,
Rikardo,
Ridis,
Rider,
Richard,
Ricardo,
Ricarda,
Reynaldo,
Revia,
Revail,
Renny,
Renner,
Renne,
Renivaldo,
Renilda,
Rene,
Renato,
Renate,
Renata,
Renan,
Remilton,
Remi,
Remerson,
Relton,
Rejane,
Reinis,
Reinhard,
Reinaldo,
Regivaldo,
Regis,
Reginaldo,
Regina,
Regiane,
Raymundo,
Raul,
Raquel,
Raphael,
Raoni,
Ranilson,
Randerson,
Randal,
Ramon,
Ramiro,
Ramirez,
Ramilton,
Ramalho,
Ramah,
Ralph,
Ralfio,
Rainer,
Raimundo,
Raimunda,
Railton,
Railey,
Raifran,
Raffael,
Rafael,
Raelson,
Rachel,
Quiterio,
Quioxy,
Quimie,
Priscilla,
Priscila,
Praxedes,
Plinio,
Placido,
Pierluigi,
Pier,
Phyllis,
Phillip,
Petrucio,
Petronio,
Peterson,
Peter,
Pertino,
Persio,
Peri,
Peregrino,
Percio,
Percilio,
Pedro,
Paulo,
Paulino,
Paula,
Patrick,
Patricia,
Pasquale,
Pascoal,
Paschoal,
Parrasio,
Paola,
Pablo,
Oziel,
Ovidio,
Otton,
Otoniel,
Othon,
Othmar,
Otavio,
Otaviano,
Otacilio,
Otaciano,
Oswaldo,
Osvalton,
Osvaldo,
Osorio,
Osnivaldo,
Osmundo,
Osmario,
Osmarino,
Osmar,
Osiane,
Oscild,
Oscar,
Orozino,
Orozimbo,
Ormenzindo,
Orleans,
Orlando,
Orisvaldo,
Oriovaldo,
Orides,
Orestes,
Oreste,
Orandi,
Oraldo,
Onofre,
Onivaldo,
Omero,
Omar,
Olympio,
Oliver,
Olivar,
Olimpio,
Oliberto,
Olga,
Oldemar,
Oldaque,
Olavo,
Oduvaldo,
Odontino,
Odnilson,
Odival,
Odisseus,
Odirley,
Odirlei,
Odir,
Odineide,
Odilon,
Odenir,
Odemar,
Odelmo,
Odair,
Octavio,
Obede,
Nuno,
Nubia,
Nsungu,
Noufer,
Northon,
Normando,
Norival,
Nordi,
Nordeliode,
Norberto,
Nora,
Noelton,
Noel,
Nobuyuki,
Nobuo,
Nivon,
Nivaldo,
Nirceu,
Nilvio,
Nilton,
Nilson,
Nilsa,
Nilo,
Nilma,
Nilda,
Nilcea,
Nilce,
Nigusse,
Nidia,
Nicolau,
Nicolas,
Nickolas,
Nicemar,
Nicanor,
Nibia,
Ngan,
Nezias,
Neygmar,
Neyber,
Ney,
Newton,
Neuza,
Neusa,
Neudir,
Nestor,
Nessim,
Neslon,
Nerivaldo,
Nerissa,
Nercy,
Nephtali,
Nemesio,
Nelson,
Nelso,
Nello,
Nelio,
Nelci,
Neiva,
Neisvaldo,
Neilton,
Neide,
Nei,
Negipe,
Neemias,
Neci,
Nayara,
Naval,
Natasha,
Natanael,
Natalino,
Natalicio,
Natalia,
Natale,
Natal,
Nardelle,
Narciso,
Naoko,
Nancy,
Nanci,
Nair,
Naiorama,
Nailton,
Naide,
Nahashon,
Nagao,
Nadja,
Nadir,
Nadia,
Nacitel,
Nacib,
Myriam,
Mussa,
Murilo,
Munekazu,
Muhidin,
Mozart,
Moyses,
Morvan,
Morales,
Monica,
Moizes,
Moises,
Modesto,
Moacyr,
Moacir,
Mitsuru,
Mitiko,
Mitico,
Missaki,
Misao,
Misaias,
Miriam,
Mires,
Miraldo,
Mirabel,
Miqueias,
Minoru,
Minervino,
Milton,
Milson,
Milorad,
Militao,
Milena,
Mikhael,
Miguel,
Michelle,
Michelangelo,
Michela,
Michel,
Michael,
Messias,
Mercia,
Mercedes,
Menotti,
Menoti,
Melquiades,
Melques,
Melissa,
Melisa,
Meire,
Maximo,
Max,
Mauro,
Maurizio,
Maurivon,
Mauritius,
Maurilio,
Maurico,
Mauricio,
Maurici,
Maureni,
Maura,
Matusalem,
Matthias,
Matosinho,
Matilde,
Matias,
Mathew,
Matheus,
Mateus,
Massao,
Massami,
Masciano,
Masayuki,
Masaru,
Mary,
Martiniano,
Martinho,
Martina,
Martin,
Martiminiano,
Martha,
Martelenes,
Marta,
Marson,
Marly,
Marlucio,
Marlos,
Marlon,
Marli,
Marlete,
Marlene,
Marla,
Markus,
Mark,
Marizete,
Marivania,
Marisvaldo,
Maristela,
Marisete,
Marisa,
Mario,
Marinoel,
Marino,
Marinete,
Marines,
Marineide,
Marinaldo,
Marina,
Marily,
Marilson,
Marilon,
Marilis,
Marilia,
Marilene,
Marilena,
Marildo,
Mariella,
Marie,
Maricy,
Maricelio,
Mariano,
Mariangela,
Mariane,
Mariana,
Maria,
Margarida,
Margareth,
Margarete,
Margaret,
Mareligio,
Marcus,
Marcos,
Marcone,
Marco,
Marcloves,
Marcio,
Marcilio,
Marcilia,
Marcia,
Marcelo,
Marcello,
Marcelino,
Marcele,
Marcela,
Marcel,
Marcal,
Maraci,
Mara,
Manuezo,
Manuela,
Manuel,
Manoel,
Manfred,
Manasses,
Manabu,
Mamoru,
Malco,
Maiza,
Maisa,
Maira,
Mailde,
Maila,
Maicon,
Magno,
Magda,
Magali,
Maeve,
Maciel,
Mabilia,
Lyster,
Lydia,
Luzimar,
Luzia,
Lussandra,
Lusimeire,
Luo,
Luiza,
Luiz,
Luisa,
Luis,
Luigi,
Ludyenne,
Ludovico,
Lucivaldo,
Lucio,
Lucineide,
Lucimara,
Lucimar,
Lucilio,
Lucilene,
Lucicleide,
Luciano,
Luciane,
Luciana,
Lucia,
Luceno,
Lucelio,
Lucelia,
Lucas,
Luanna,
Lourival,
Lourdes,
Louise,
Lorival,
Lorene,
Lorena,
Loide,
Loan,
Livia,
Lissette,
Lisomar,
Lionson,
Lionel,
Liodonio,
Linoel,
Lino,
Linneu,
Lindonjonson,
Lindomar,
Lindolfo,
Lindenberg,
Lindemberg,
Lindalva,
Lincoln,
Lin,
Lillian,
Liliane,
Liliana,
Lilian,
Liliam,
Lili,
Ligia,
Ligeria,
Lidiana,
Lidia,
Liana,
Li,
Lhirton,
Levy,
Levi,
Leunidas,
Leticia,
Leslie,
Lervis,
Leopoldo,
Leontino,
Leonildo,
Leonidas,
Leonel,
Leone,
Leonardo,
Leo,
Lenycia,
Leny,
Lenilson,
Lenilso,
Lenes,
Lenaldo,
Leirton,
Leila,
Lee,
Leda,
Leandro,
Leandra,
Lea,
Lazaro,
Lazara,
Layandson,
Lauro,
Laurindo,
Laurilan,
Laurent,
Laurenildo,
Laureci,
Laureano,
Laura,
Laudelino,
Lars,
Larissa,
Lara,
Lamartine,
Lamarque,
Lais,
Lairton,
Lair,
Laine 
Lailson,
Laerte,
Laercio,
Laelson,
Ladislau,
Kyoko,
Kunihiro,
Kouki,
Kleiton,
Kleibson,
Kleber,
Klaus,
Kiyoshi,
Kiyomi,
Kiyoko,
Kildere,
Kilder,
Khalil,
Keylla,
Kepler,
Kensuke,
Kensei,
Kenner,
Kennedy,
Kenedy,
Ken,
Kely,
Kelvia,
Kelson,
Kelly,
Kelin,
Keifson,
Kechi,
Kazuyochi,
Kazuo,
Kazumi,
Kazuko,
Kazuhiro,
Kazuhiko,
Kauy,
Katsuo,
Katsumi,
Katsuiko,
Katias,
Katia,
Karla,
Karine,
Karina,
Karin,
Karim,
Karen,
Kamis,
Kacia,
Juvencio,
Juvenal,
Justo,
Jussiane,
Jussara,
Jusley,
Juscelino,
Juruce,
Jurivaldo,
Jorgen,
Jurema,
Juratai,
Jurandir,
Jurandi,
Juracy,
Juraci,
Junival,
Junis,
Junior,
Junia,
Junho,
Jung,
June,
Jumara,
Julio,
Julie,
Juliano,
Juliane,
Juliana,
Julian,
Julia,
Judson,
Judith,
Judimar,
Jucilei,
Jucemara,
Jucelino,
Juari,
Juarez,
Juana,
Juan,
Jozue,
Jozivaldo,
Jozinaldo,
Joyce,
Jovino,
Jovenil,
Jovenal,
Jovelino,
Jovanni,
Jovair,
Joubert,
Jotacir,
Josuilton,
Josuelito,
Josuel,
Josue,
Josivaldo,
Josip,
Josinaldo,
Josimara,
Josimar,
Josilene,
Josildo,
Josiene,
Josieldo,
Josiel,
Josias,
Josiane,
Josiander,
Joshua,
Joseph,
Josenildo,
Josenilde,
Josenaldo,
Josemario,
Josemar,
Joselito,
Joselita,
Joseilton,
Joseilda,
Josefina,
Josefa,
Josebie,
Joseane,
Jose,
Jose,
Josbecasi,
Josafat,
Josafa,
Jorselino,
Jorive,
Jorge,
Jordelio,
Jordao,
Jorcy,
Jonshon,
Jonilson,
Jonildo,
Joniclei,
Jonelice,
Jone,
Jonathan,
Jonatha,
Jonatas,
Jonatan,
Jonas,
Jomar,
Joilson,
Joildes,
John,
Johann,
Jofre,
Joelson,
Joelmir,
Joelma,
Joel,
Joeilton,
Joedir,
Joedilson,
Jodeir,
Jocivaldo,
Jocemar,
Jocelin,
Joceli,
Joce,
Jobson,
Joberto,
Joas,
Joarez,
Joaquim,
Joao,
Joanes,
Joana,
Joaci,
Joachim,
Jivanildo,
Jiucelia,
Jiro,
Jirinaldo,
Jimena,
Jilvan,
Jilderlon,
Jhony,
Jhonny,
Jevetic,
Jeverson,
Jesus,
Jesuino,
Jesse,
Jess,
Jerson,
Jerry,
Jeronymo,
Jeronimo,
Jerilson,
Jeremias,
Jercinoel,
Jeovani,
Jeovane,
Jeovana,
Jeova,
Jeosadaque,
Jeobson,
Jeoacaz,
Jenkins,
Jenivaldo,
Jenifer,
Jemima,
Jeffrey,
Jefferson,
Jeferson,
Jeane,
Jean,
Jayme,
Jasper,
Jason,
Jarir,
Jardel,
Jarbas,
Jaques,
Jaqueline,
Jaquelina,
Januncio,
Januario,
Jansley,
Jansenio,
Janivan,
Janira,
Janio,
Janette,
Janete,
Janes,
Janeovan,
Janedson,
Janduir,
Janari,
Jan,
Jamiro,
Jamir,
Jamil,
James,
Jaison,
Jairo,
Jair,
Jaime,
Jailton,
Jailson,
Jai,
Jael,
Jae,
Jadir,
Jaderson,
Jader,
Jacob,
Jackson,
Jack,
Jacira,
Jacimar,
Jabson,
Izomar,
Izis,
Izilda,
Izaurino,
Izaura,
Izaque,
Izamar,
Izael,
Izabel,
Ivson,
Ivonise,
Ivonir,
Ivonete,
Ivo,
Iveraldo,
Ivar,
Ivano,
Ivanir,
Ivanildo,
Ivani,
Ivaneide,
Ivane,
Ivandaro,
Ivan,
Ivaldo,
Ivair,
Iva,
Iuri,
Itemilton,
Itamar,
Italo,
Itacir,
Istadeu,
Issam,
Israel,
Isnaldo,
Isnael,
Ismar,
Ismael,
Isidorio,
Isi,
Isauro,
Isaura,
Isan,
Isamu,
Isaltino,
Isaiel,
Isaias,
Isac,
Isabel,
Isaac,
Irson,
Irnaldo,
Irlene,
Irismar,
Iris,
Irio,
Irineu,
Ires,
Ireno,
Irenio,
Iranildo,
Iramar,
Irai,
Iracy,
Iracilda,
Iracema,
Ira,
Ioshiaki,
Ione,
Iolanda,
Inocencio,
Ingo,
Inessa,
Ines,
Inaldo,
Inacio,
Imad,
Ilza,
Ilton,
Ilson,
Ilma,
Ilka,
Ilidio,
Ildemar,
Ildefonso,
Ildebrando,
Ilco,
Ilana,
Igor,
Ieda,
Idinei,
Idelfonso,
Ide,
Idalto,
Idalina,
Idalia,
Idael,
Ibere,
Iata,
Iarali,
Iara,
Hunald,
Humberto,
Huguetti,
Hugues,
Hugo,
Hudson,
Hubert,
Hosaniel,
Hosana,
Hormino,
Horacio,
Honero,
Homero,
Ho,
Hirotsu,
Hiromi,
Hipolito,
Hilza,
Hilton,
Hilde,
Hilca,
Hielson,
Hideo,
Herval,
Heronides,
Hernerio,
Hernani,
Hernandes,
Herminio,
Hermes,
Hermenegildo,
Hermano,
Herivelton,
Herivelto,
Hercules,
Hercio,
Hercilio,
Hercilia,
Herbert,
Heraldo,
Heraclito,
Henrique,
Henri,
Henning,
Hemersson,
Hely,
Helvio,
Helvecio,
Helton,
Heloiza,
Heloisa,
Helmut,
Helio,
Heliberto,
Heleno,
Helena,
Helder,
Helbert,
Heitor,
Heisuke,
Heder,
Hector,
He,
Haylson,
Haruo,
Harumi,
Haroldo,
Hans,
Hanno,
Hamilton,
Hajime,
Hairton,
Hadriano,
Gylson,
Gutemberg,
Gustavo,
Guo,
Gunther,
Gumercindo,
Guliver,
Guinel,
Guinaldo,
Guillermo,
Guillaume,
Guilherme,
Guido,
Guarany,
Guadalupe,
Grimaldo,
Gregorio,
Grecia,
Graziella,
Graziela,
Graciliano,
Gracco,
Goro,
Goretti,
Gonzalo,
Goncalo,
Glorineide,
Gleydson,
Gleuza,
Glenio,
Gleisson,
Gleison,
Gleibson,
Glaydson,
Glauco,
Glaucio,
Glaucia,
Glauber,
Glaicon,
Gladson,
Glacir,
Glaci,
Givanildo,
Givanil,
Givaldo,
Giuvam,
Giuseppe,
Giusepe,
Giuma,
Giulio,
Giuliano,
Giulian,
Gislandio,
Gislaine,
Giselle,
Giselia,
Giseli,
Gisele,
Girson,
Giovanni,
Giovani,
Giovane,
Giovana,
Giorgio,
Giomar,
Gioliano,
Ginez,
Ginaldo,
Gilverton,
Gilvanio,
Gilvane,
Gilvando,
Gilvan,
Gilton,
Gilson,
Gilsom,
Gilnadeje,
Gilmar,
Gilialdo,
Gilfran,
Gilene,
Gildo,
Gildevanio,
Gildete,
Gildenor,
Gilcei,
Gilca,
Gilberto,
Gilbertiana,
Gil,
Gidevaldo,
Gidelto,
Gianpaulo,
Gianni,
Giancarlo,
Getulio,
Gesser,
Gesse,
Gesner,
Gerusa,
Gerson,
Gersino,
Gerse,
Germino,
Gerlanio,
Gerhard,
Geremias,
Gerd,
Gercino,
Gerci,
Gerardo,
Geraldo,
Geraldino,
Geovannio,
Geovani,
Geovane,
Geovan,
George,
Georg,
Geny,
Gentil,
Genovez,
Genivaldo,
Genival,
Genildo,
Geni,
Genezio,
Genesio,
Genes,
Genaldo,
Gelson,
Geisa,
Geir,
Gedor,
Gedeon,
Geazi,
Geaze,
Gean,
Gaudencio,
Gaston,
Gastao,
Gaspar,
Garbo,
Galo,
Galileo,
Gaetan,
Gabrielsiniscalchi,
Gabrielle,
Gabriela,
Gabriel,
Fusako,
Fuad,
Frenando,
Fredison,
Frederico,
Fred,
Franziska,
Franklin,
Franco,
Franck,
Francival,
Franciso,
Francisnei,
Francisleno,
Francisdil,
Francisco,
Francisca,
Francimario,
Francimar,
Francesco,
Franccesco,
Fortunato,
Flormira,
Florisvaldo,
Floriano,
Florencio,
Floraci,
Fledilson,
Flavio,
Flaviano,
Flavia,
Filomena,
Filipe,
Filadelfo,
Fidelcino,
Ferrucio,
Fernando,
Fernanda,
Fellipe,
Felix,
Felipe,
Felinto,
Feliciano,
Felice,
Federico,
Fauzer,
Fausto,
Fatimo,
Fatima,
Farley,
Faical,
Fabrizio,
Fabrisa,
Fabricio,
Fabius,
Fabiola,
Fabio,
Fabiano,
Fabiane,
Fabiana,
Fabian,
Eziquiel,
Ezequiel,
Ezaqueu,
Expedito,
Ewerton,
Everton,
Evertom,
Everaldo,
Evelyn,
Evely,
Evaristo,
Evany,
Evandro,
Evando,
Evaldo,
Eva,
Euzebio,
Euvanderson,
Euvaldo,
Eustaquio,
Eusebio,
Euripedes,
Eurico,
Eunice,
Eunapio,
Eulo,
Euler,
Eulalia,
Eula,
Eugenio,
Eudes,
Euclides,
Ettori,
Etrus,
Ethienni,
Etevaldo,
Etenildo,
Etelino,
Estevon,
Estevao,
Ester,
Estela,
Estefano,
Espedito,
Esmeraldo,
Esequiel,
Esdras,
Eros,
Eronides,
Eron,
Eroaldo,
Ernesto,
Ernani,
Ernane,
Ernandes,
Ernande,
Ermenson,
Erivelton,
Erivelto,
Erivan,
Erivaldo,
Eriosvaldo,
Erineide,
Erinaldo,
Erika,
Erik,
Eridice,
Ericsson,
erico,
Erick,
Ericio,
Erica,
erica,
Eric,
Ereciano,
Erasmo,
Eran,
Eraldo,
Epitacio,
Enzo,
Enrico,
Enoque,
Enochx,
Enithevaldo,
Enio,
Enilson,
Eni,
Eneida,
Eneias,
Eneas,
Endrigo,
Enaldye,
Enaldo,
Emmanuel,
Emiraldo,
Emir,
Emilton,
Emilson,
Emilio,
Emiliano,
Emilia,
Emerson,
emerson,
Emanuel,
Emanoel,
Elzo,
Elza,
Elvis,
Elvira,
Elvio,
Elvani,
Elton,
Elson,
Eloy,
Eloizo,
Eloisa,
Eloi,
Eloar,
Eloa,
Elmo,
Elmar,
Elma,
Ellen,
Elizier,
Eliziario,
Elizeu,
Elizethe,
Elizete,
Elizangela,
Elizaerte,
Elizabetth,
Elizabeth,
Elizabete,
Eliza,
Elivar,
Elivana,
Eliude,
Elita,
Elisson,
Elislabelle,
Elisio,
Elisia,
Eliseu,
Elisete,
Elisena,
Elise,
Elisangela,
Elisabeth,
Elisabete,
Elisa,
Eliomar,
Elioenay,
Elio,
Elijah,
Eliezer,
Eliete,
Eliesio,
Eliene,
Elienai,
Elielton,
Elielson,
Eliel,
Eliederson,
Elie,
Elidia,
Elias,
Eliane,
Elianay,
Eliana,
Eli,
Elete,
Eleonora,
Elenita,
Elenilza,
Elenilson,
Elenil,
Elenice,
Eleni,
Elen,
Eleandro,
Elder,
Elcy,
Elcio,
elcio,
Elci,
Elba,
Elan,
Elaine,
Eini,
Eilson,
Eiji,
Eidnalvo,
Eidi,
Eibert,
Egon,
Egnaldo,
Egidio,
Edwirges,
Edward,
Edvilson,
Edvando,
Edvaldo,
Edval,
Eduarte,
Eduardo,
Eduani,
Edson,
Edsel,
Edrisio,
edony,
Ednylson,
Ednilton,
Ednilson,
Edney,
Edneu,
Ednei,
Ednalva,
Ednaldo,
Edna,
Edmur,
Edmundo,
Edmo,
Edmir,
Edmilson,
Edmar,
Edjane,
Edivino,
Edivar,
Edivanildo,
Edivania,
Edivan,
Edivaldo,
Edith,
Edison,
Edirez,
Ediran,
Ediraci,
Edir,
Edio,
edio,
edino,
Edinilton,
Edineu,
Edinei,
Edinar,
Edinaldo,
Edina,
Edimilson,
Edimar,
Edilson,
Edilom,
Edileuza,
Edilena,
Edilberto,
Edicarlos,
Edi,
Edgard,
Edgar,
Edevaldo,
Edevado,
Edesio,
Ederval,
Ederson,
Edercio,
Eder,
Edenilson,
Edeni,
Edemilson,
Edem,
Edelswitha,
Edelson,
Edelmando,
Edelcio,
Eddy,
Edcleuma,
Ed,
Eber,
Ealton,
Dustan,
Durvalino,
Durval,
Dulcelene,
Dulce,
Duarte,
Dr.,
Doval,
Dov,
Dourivaldo,
Dourinaldo,
Douglas,
Dorval,
Dorival,
Dorinaldo,
Dorgival,
Doralice,
Doracy,
Donizetti,
Donizeti,
Donizete,
Donisete,
Donato,
Domingos,
Domilson,
Domicio,
Djeferson,
Djanira,
Djalma,
Djackson,
Djacir,
Djaci,
Divino,
Divaldo,
Dirk,
Dirceu,
Dirce,
Dionisio,
Dioneia,
Dione,
Diogo,
Diogenes,
Diodete,
Diniz,
Dines,
Dinarte,
Dina,
Dimas,
Dilton,
Dilson,
Dilma,
Dijosilene,
Dietmar,
Dieter,
Diego,
Didacio,
Dicson,
Dicler,
Dickson,
Diane,
Dianary,
Devanir,
Devair,
Deusimar,
Deusdete,
Deusdedite,
Desire,
Dernevaldo,
Dercy,
Dercio,
Deonildo,
Deoclecio,
Deocleciano,
Deny,
Denner,
Denise,
Denis,
Denir,
Denilson,
Denilcio,
Denicio,
Dener,
Deneli,
Dempsey,
Demetrio,
Demario,
Demar,
Delson,
Delsa,
Delmo,
Delmir,
Delmar,
Delile,
Delicia,
Delfino,
Delfim,
Delcio,
Delario,
Dejairson,
Dejair,
Deivid,
Deise,
Deilson,
Deijaniro,
Decio,
Deborah,
Debora,
Dayani,
David,
Davi,
Darwin,
Darlan,
Dario,
Daridio,
Darcy,
Darcio,
Darci,
Danton,
Dante,
Danilo,
Danielle,
Daniella,
Daniele,
Daniela,
Daniel,
Danae,
Dan,
Damiao,
Damiana,
Damaris,
Dalvane,
Dalva,
Dalton,
Dalnei,
Dalmiro,
Dalmir,
Dalmildo,
Daleoni,
Daily,
Dailson,
Dae,
Dacio,
Cyrus,
Cyro,
Cyntia,
Cynthia,
Curt,
Cruz,
Cristovao,
Cristina,
Cristiano,
Cristiani,
Cristiane,
Cristiana,
Cristian,
Crispim,
Creuza,
Cosmo,
Cosme,
Cornelio,
Corina,
Consuelo,
Constantino,
Conrado,
Condeci,
Conceicao,
Clovis,
Clodoaldo,
Clezio,
Cleyton,
Cleverton,
Cleverson,
Cleuter,
Cleuni,
Cleto,
Cleonidas,
Cleonice,
Cleone,
Cleomar,
Clenio,
Clemente,
Clelio,
Clelia,
Clelber,
Cleiton,
Cleiner,
Cleide,
Clecio,
Clebson,
Clebio,
Cleberson,
Cleber,
Clayton,
Claudomiro,
Claudir,
Claudiovan,
Claudionor,
Claudiomiro,
Claudio,
Claudiner,
Claudineia,
Claudinei,
Claudine,
Claudielane,
Claudia,
Claudete,
Claudemiro,
Claudemir,
Claudecy,
Clarita,
Clarindo,
Clarice,
Clailton,
Clademilson,
Ciro,
Cirilo,
Cirene,
Cintia,
Cinthia,
Cinara,
Cilene,
Cidinei,
Cid,
Cicero,
Cicera,
Cibele,
Christopher,
Christine,
Christina,
Christiano,
Christianne,
Christian,
Christhianne,
Chozum,
Chiun,
Charlleny,
Charles,
Chang,
Cezar,
Cesario,
Cesare,
Cesar,
Cesaltino,
Cerilo,
Cercio,
Cephora,
Cenira,
Celso,
Celsi,
Celmo,
Celly,
Celio,
Celina,
Celiio,
Celia,
Celi,
Celestino,
Celcina,
Cecilia,
Cecil,
Cazuo,
Caue,
Catsutochi,
Catia,
Catarina,
Cassius,
Cassio,
Cassimiro,
Cassiano,
Cassia,
Casimiro,
Carolina,
Carmo,
Carmencita,
Carmen,
Carmem,
Carmelio,
Carly,
Carlos,
Carlo,
Carlito,
Carla,
Cariovaldo,
Caren,
Candida,
Camilo,
Camila,
Caique,
Caio,
Caetano,
Cacinaldo,
Bruno,
Brunno,
Bruna,
Bruce,
Brigida,
Brian,
Brett,
Breno,
Braz,
Braulio,
Brasenilde,
Branca,
Boutros,
Bosco,
Bonifacio,
Bolivar,
Bizunish,
Binggeli,
Bertier,
Berta,
Bernhard,
Bernd,
Bernardo,
Bernardino,
Bernardina,
Bernadete,
Berivaldo,
Berenice,
Benvindo,
Bento,
Beno,
Benny,
Benjamim,
Benilde,
Benicio,
Benedito,
Benedita,
Benedikt-Jan,
Benedicto,
Ben,
Belmiro,
Beatriz,
Bassam,
Basilio,
Bartolomeu,
Bart,
Barbara,
Balmes,
Bachir,
Aziz,
Averlandson,
Avelino,
Avani,
Avalmir,
Auxiliadora,
Auto,
Auselicia,
Auro,
Auristela,
Aurindo,
Aurilo,
Aureo,
aureo,
Aurelio,
Aurelino,
Aureliano,
Augusto,
Audair,
Auad,
Attilio,
Atleta,
Atilio,
Atila,
Atamir,
Ataide,
Asturio,
Assis,
Ary,
Arturo,
Artur,
Arthur,
Arsenio,
Aroldo,
Arnulfo,
Arnoldo,
Arnold,
Arnesto,
Arnaldo,
Armindo,
Armando,
Arlindo,
Arlette,
Arlete,
Arlei,
Arivaldo,
Ariston,
Aristides,
Arismildo,
Ariovaldo,
Ariosvaldo,
Arinaldo,
Ariel,
Ariane,
Arialdo,
Ari,
Argemiro,
Arethusa,
Arcilio,
Arcanjo,
Araldo,
Aquiles,
Aquilas,
Aparecido,
Aparecida,
Aozeni,
Antony,
Antonio,
Antoninho,
Antonia,
Antenor,
Antelio,
Anselmo,
Anoe,
Annibal,
Annia,
Anne,
Anna,
Anizio,
Anivaldo,
Anita,
Anisio,
Anis,
Anibio,
Anibal,
Angelo,
angelo,
Angelita,
Angelisio,
Angelio,
Angelino,
Angelina,
Angelica,
Angela,
Angel,
Anesio,
Andrilheia,
Andreza,
Andrey,
Andrew,
Andrevaldo,
Andres,
Andreia,
Andrei,
Andreas,
Andrea,
andrea,
Andrea,
Andre,
Anderson,
Anatalia,
Anastacio,
Ananias,
Analice,
Analeia,
Anailza,
Ana,
Amos,
Amir,
Aminadab,
Amilton,
Amilcar,
Americo,
Amelia,
Ambrosina,
Amaury,
Amauri,
Amaro,
Amarildo,
Amarai,
Amando,
Amanda,
Amancio,
Amadeus,
Amadeu,
Alziro,
Alzira,
Alzi,
Alysson,
Alvaro,
alvaro,
Alvacir,
Aluisio,
Altivanir,
Altevir,
Altevi,
Altemar,
Altavir,
Altamiro,
Altair,
Altaide,
Altafini,
Aloizio,
Aloisio,
Almir,
Almeida,
Allysson,
Allan,
Alison,
Alipio,
Aline,
Alide,
alide,
Alicia,
Alice,
Alfredo,
Alexsandro,
Alexsander,
Alexis,
Alexinaldo,
Alexei,
Alexandro,
Alexandre,
Alexandra,
Alexander,
Alex,
Alevir,
Aleteia,
Alessandro,
Alessandra,
Alejandro,
Aleilson,
Alegria,
Alecsandro,
Alecio,
Aldo,
Alderley,
Alderi,
Aldenir,
Aldenilson,
Aldemir,
Aldemar,
Aldacir,
Alcirio,
Alcir,
Alcione,
Alcindo,
Alcimar,
Alcides,
Alceu,
Alceninho,
Alcedir,
Albina,
Alberto,
Albert,
Alberi,
Alana,
Alan,
Alair,
Alain,
Alaide,
Airton,
Ailton,
Ailson,
Aide,
Ahmid,
Aguinaldo,
Agostinho,
Agnelo,
Agnaldo,
Agilson,
Agenor,
Agatha,
Agarb,
Afranio,
Afonso,
Aflaudizio,
Aecio,
Adriano,
Adriane,
Adriana,
Adrian,
Adonil,
Adonias,
Adolfo,
Adnilson,
Adnelson,
Admir,
Admilson,
Adirson,
Adinete,
Adimilson,
Adimilsom,
Adilton,
Adilson,
Adilmar,
Adijonson,
Adevar,
Adevaldo,
Aderito,
Aderbal,
Adenisio,
Adenir,
Adenilson,
Adenauer,
Adenard,
Ademir,
Ademilson,
Ademar,
Adelzir,
Adelson,
Adelmo,
Adelino,
Adelina,
Adelia,
Adelcio,
Adelara,
Adeilton,
Adeilson,
Adeildo,
Adda,
Adauto,
Adao,
Adalto,
Adalmir,
Adalcio,
Adalberto,
Adaires,
Adair,
Adailton,
Adailson,
Adaias,
Acyr,
Acilino,
Abrao,
Abrahao,
Abraao,
Abimel,
Abilio,
Abelardo,
Abel,
Abdias,

